{"keyset":{"lweSecretKeys":[{"id":0,"params":{"lweDimension":1536,"integerPrecision":64,"keyType":"binary"}},{"id":1,"params":{"lweDimension":653,"integerPrecision":64,"keyType":"binary"}},{"id":2,"params":{"lweDimension":1280,"integerPrecision":64,"keyType":"binary"}},{"id":3,"params":{"lweDimension":637,"integerPrecision":64,"keyType":"binary"}},{"id":4,"params":{"lweDimension":2048,"integerPrecision":64,"keyType":"binary"}},{"id":5,"params":{"lweDimension":764,"integerPrecision":64,"keyType":"binary"}}],"lweBootstrapKeys":[{"id":0,"inputId":1,"outputId":0,"params":{"levelCount":1,"baseLog":18,"glweDimension":6,"polynomialSize":256,"variance":7.0406309659297542e-23,"integerPrecision":64,"modulus":{"modulus":{"native":{}}},"keyType":"binary","inputLweDimension":653},"compression":"seed"},{"id":1,"inputId":3,"outputId":2,"params":{"levelCount":2,"baseLog":10,"glweDimension":5,"polynomialSize":256,"variance":6.4296626588969721e-19,"integerPrecision":64,"modulus":{"modulus":{"native":{}}},"keyType":"binary","inputLweDimension":637},"compression":"seed"},{"id":2,"inputId":5,"outputId":4,"params":{"levelCount":1,"baseLog":23,"glweDimension":1,"polynomialSize":2048,"variance":8.4422531129329586e-31,"integerPrecision":64,"modulus":{"modulus":{"native":{}}},"keyType":"binary","inputLweDimension":764},"compression":"seed"}],"lweKeyswitchKeys":[{"id":0,"inputId":0,"outputId":1,"params":{"levelCount":3,"baseLog":4,"variance":3.2248288653597563e-09,"integerPrecision":64,"modulus":{"modulus":{"native":{}}},"keyType":"binary","inputLweDimension":1536,"outputLweDimension":653},"compression":"seed"},{"id":1,"inputId":0,"outputId":3,"params":{"levelCount":4,"baseLog":3,"variance":5.702203474775482e-09,"integerPrecision":64,"modulus":{"modulus":{"native":{}}},"keyType":"binary","inputLweDimension":1536,"outputLweDimension":637},"compression":"seed"},{"id":2,"inputId":2,"outputId":5,"params":{"levelCount":5,"baseLog":3,"variance":6.1833724929812826e-11,"integerPrecision":64,"modulus":{"modulus":{"native":{}}},"keyType":"binary","inputLweDimension":1280,"outputLweDimension":764},"compression":"seed"}],"packingKeyswitchKeys":[]},"circuits":[{"inputs":[{"rawInfo":{"shape":{"dimensions":[1,35,3]},"integerPrecision":64,"isSigned":false},"typeInfo":{"lweCiphertext":{"abstractShape":{"dimensions":[1,35]},"concreteShape":{"dimensions":[1,35,3]},"integerPrecision":64,"encryption":{"keyId":0,"variance":7.0406309659297542e-23,"lweDimension":1536,"modulus":{"modulus":{"native":{}}}},"compression":"seed","encoding":{"integer":{"width":6,"isSigned":false,"mode":{"native":{}}}}}}}],"outputs":[{"rawInfo":{"shape":{"dimensions":[1,9,100,2049]},"integerPrecision":64,"isSigned":false},"typeInfo":{"lweCiphertext":{"abstractShape":{"dimensions":[1,9,100]},"concreteShape":{"dimensions":[1,9,100,2049]},"integerPrecision":64,"encryption":{"keyId":4,"variance":8.4422531129329586e-31,"lweDimension":2048,"modulus":{"modulus":{"native":{}}}},"compression":"none","encoding":{"integer":{"width":4,"isSigned":true,"mode":{"native":{}}}}}}}],"name":"_lambda__proxy"}]}