{"keyset":{"lweSecretKeys":[{"id":0,"params":{"lweDimension":1536,"integerPrecision":64,"keyType":"binary"}},{"id":1,"params":{"lweDimension":655,"integerPrecision":64,"keyType":"binary"}},{"id":2,"params":{"lweDimension":2048,"integerPrecision":64,"keyType":"binary"}},{"id":3,"params":{"lweDimension":628,"integerPrecision":64,"keyType":"binary"}}],"lweBootstrapKeys":[{"id":0,"inputId":1,"outputId":0,"params":{"levelCount":1,"baseLog":18,"glweDimension":6,"polynomialSize":256,"variance":7.0406309659297542e-23,"integerPrecision":64,"modulus":{"modulus":{"native":{}}},"keyType":"binary","inputLweDimension":655},"compression":"seed"},{"id":1,"inputId":3,"outputId":2,"params":{"levelCount":1,"baseLog":23,"glweDimension":4,"polynomialSize":512,"variance":8.4422531129329586e-31,"integerPrecision":64,"modulus":{"modulus":{"native":{}}},"keyType":"binary","inputLweDimension":628},"compression":"seed"}],"lweKeyswitchKeys":[{"id":0,"inputId":0,"outputId":1,"params":{"levelCount":3,"baseLog":4,"variance":3.0030645531231511e-09,"integerPrecision":64,"modulus":{"modulus":{"native":{}}},"keyType":"binary","inputLweDimension":1536,"outputLweDimension":655},"compression":"seed"},{"id":1,"inputId":0,"outputId":3,"params":{"levelCount":4,"baseLog":3,"variance":7.85745191077265e-09,"integerPrecision":64,"modulus":{"modulus":{"native":{}}},"keyType":"binary","inputLweDimension":1536,"outputLweDimension":628},"compression":"seed"},{"id":2,"inputId":2,"outputId":0,"params":{"levelCount":1,"baseLog":18,"variance":7.0406309659297542e-23,"integerPrecision":64,"modulus":{"modulus":{"native":{}}},"keyType":"binary","inputLweDimension":2048,"outputLweDimension":1536},"compression":"seed"}],"packingKeyswitchKeys":[]},"circuits":[{"inputs":[{"rawInfo":{"shape":{"dimensions":[1,34,3]},"integerPrecision":64,"isSigned":false},"typeInfo":{"lweCiphertext":{"abstractShape":{"dimensions":[1,34]},"concreteShape":{"dimensions":[1,34,3]},"integerPrecision":64,"encryption":{"keyId":0,"variance":7.0406309659297542e-23,"lweDimension":1536,"modulus":{"modulus":{"native":{}}}},"compression":"seed","encoding":{"integer":{"width":6,"isSigned":false,"mode":{"native":{}}}}}}}],"outputs":[{"rawInfo":{"shape":{"dimensions":[1,3,100,2049]},"integerPrecision":64,"isSigned":false},"typeInfo":{"lweCiphertext":{"abstractShape":{"dimensions":[1,3,100]},"concreteShape":{"dimensions":[1,3,100,2049]},"integerPrecision":64,"encryption":{"keyId":2,"variance":8.4422531129329586e-31,"lweDimension":2048,"modulus":{"modulus":{"native":{}}}},"compression":"none","encoding":{"integer":{"width":4,"isSigned":true,"mode":{"native":{}}}}}}}],"name":"_lambda__proxy"}]}